question,answer,docs,rank,RR
Apa kaitan virus corona dengan penyakit COVID-19,"Ya, kaitannya sangat erat. Virus Corona (SARS-CoV-2) adalah penyebab utama dari Penyakit COVID-19. Perlu diingat bahwa virus Corona dapat menyebabkan gejala yang berbeda, mulai dari flu ringan hingga infeksi paru-paru yang lebih serius, seperti pneumonia.",Virus Corona (https://www.alodokter.com/virus-corona); Anosmia (https://www.alodokter.com/anosmia); COVID-19 (https://www.alodokter.com/covid-19); Penyakit Tangan Kaki dan Mulut (https://www.alodokter.com/penyakit-tangan-kaki-dan-mulut),1,1.0000
Apa tanda-tanda OCD?,"Tanda-tanda OCD dapat bervariasi tergantung pada individu dan jenis obsesinya. Namun, berikut beberapa tanda-tanda yang umum ditemukan pada gangguan obsessive compulsive disorder (OCD):

1. Kecemasan yang tidak terkendali
2. Perasaan takut atau waswas
3. Luka diri atau masalah fisik lainnya karena kecemasan
4. Pemikiran yang berulang-ulang dan tidak dapat dihilangkan
5. Perilaku yang berulang-ulang untuk mengurangi kecemasan (misalnya, mencuci tangan secara berlebihan)
6. Kesulitan dalam melakukan tugas atau kegiatan karena kecemasan
7. Perasaan takut akan ""kehilangan kontrol"" atas kehidupan sehari-hari

Perlu diingat bahwa setiap orang dengan OCD memiliki kombinasi dari tanda-tanda yang berbeda, dan beberapa mungkin tidak ada gejala apa pun.",OCD (https://www.alodokter.com/ocd); Pediophobia (https://www.alodokter.com/pediophobia); Sindrom Geriatri (https://www.alodokter.com/sindrom-geriatri),1,1.0000
Apa saja yang dapat menyebabkan Migrain?,"Berikut beberapa penyebab migrain berdasarkan informasi yang tersedia:

1. Faktor genetik
2. Perubahan suhu
3. Stres
4. Kehilangan nutrisi
5. Kerapian udara
6. Radiasi sinar-X",Keringat Dingin (https://www.alodokter.com/keringat-dingin); Migrain (https://www.alodokter.com/migrain); Sakit Gigi (https://www.alodokter.com/sakit-gigi),2,0.5000
Bagaimana cara mengatasi dehidrasi?,"Untuk mengatasi dehidrasi, berikut beberapa cara yang bisa dilakukan:

• Minum banyak air untuk menyeimbangkan keterangkatan cairan tubuh.
• Makan makanan yang mengandung gizi dan nutrisi yang cukup untuk mendukung fungsi tubuh.
• Hindari minuman yang mengandung gula dan lemak jenuh, serta makanan yang bisa menyebabkan diare atau masalah pencernaan lainnya.

Penting untuk memperhatikan gejala dehidrasi seperti keringat berlebih, perut kempis, nyeri kepala, dan gangguan fungsi otot, karena jika tidak ditangani dengan segera bisa menyebabkan kondisi yang lebih serius.",Sindrom Geriatri (https://www.alodokter.com/sindrom-geriatri); Dehidrasi (https://www.alodokter.com/dehidrasi); Ulkus Duodenum (https://www.alodokter.com/ulkus-duodenum); Gastritis (https://www.alodokter.com/gastritis); Plak Gigi (https://www.alodokter.com/plak-gigi),2,0.5000
Bagiamana cara mengobati batu ginjal?,"Berikut adalah cara mengobati batu ginjal berdasarkan Informasi yang kamu miliki:

• Konsumsi makanan dan minuman yang seimbang dapat membantu mengurangi risiko pembentukan batu ginjal. Makanan tinggi purin dan kalsium dapat meningkatkan kadar zat kimia dalam urine.
• Minum banyak air dapat membantu mencuci batu ginjal kecil yang tidak menimbulkan gejala, sehingga tidak perlu diobati secara medis.
• Jika Anda mengalami gejala batu ginjal, seperti nyeri atau kesulitan bernapas saat buang air kecil, sebaiknya konsultasikan dengan dokter untuk mendapatkan pengobatan yang tepat.

Namun, perlu diingat bahwa tidak ada obat-obatan yang dapat mengobati batu ginjal secara langsung. Pengobatan biasanya hanya berupa pengawasan dan pengelolaan gejala-gejala yang muncul akibat adanya batu ginjal.",Batu Ginjal (https://www.alodokter.com/batu-ginjal); Machiavellianisme (https://www.alodokter.com/machiavellianisme); Plak Gigi (https://www.alodokter.com/plak-gigi); Sindrom Geriatri (https://www.alodokter.com/sindrom-geriatri),1,1.0000
Apa gejala COVID-19?,"Gejala COVID-19 antara lain:
• Demam (suhu tubuh di atas 38 derajat Celsius)
• Batuk kering
• Sesak napas",COVID-19 (https://www.alodokter.com/covid-19); Anosmia (https://www.alodokter.com/anosmia); Virus Corona (https://www.alodokter.com/virus-corona),1,1.0000
Apa itu PTSD?,"PTSD atau Post-Traumatic Stress Disorder (TNSD) adalah kondisi mental yang disebabkan oleh pengalaman traumatis yang serius, seperti kecelakaan, peperangan, atau peneladan. Gejala-gejala PTSD dapat bervariasi dari orang ke orang, tetapi umumnya termasuk:

• Mimpi atau perasaan seperti mimpi tentang kejadian trauma
• Kehilangan inisiatif dan energi
• Perubahan perilaku, seperti menghindari tempat atau situasi yang menyebabkan stres
• Perubahan mood, seperti marah atau kecewa
• Gangguan tidur
• Penolakan makanan

PTSD dapat diobati dengan bantuan dari dokter dan terapi, seperti terapi kognitif behaviorial (CBT) atau terapi fleksibel.",PTSD (https://www.alodokter.com/ptsd); Luka Tembak (https://www.alodokter.com/luka-tembak),1,1.0000
Bagaimana cara mmengobati cacar air?,"Menurut informasi yang tersedia, cacar air adalah kondisi penyakit yang ditandai oleh gejala-gejala tertentu. Oleh karena itu, perlu memeriksa diri ke dokter segera jika mengalami gejala seperti demam tinggi selama 4 hari, batuk parah sampai sesak napas, dehidrasi pada bayi, kulit di sekitar bentol terasa panas ketika disentuh, nyeri, bengkak, sangat merah, atau mengeluarkan nanah.

Namun, jika Anda ingin tahu tentang cara pengobatan cacar air secara umum, maka perlu melakukan beberapa langkah berikut:

• Membersihkan luka dengan air yang dingin dan sabun
• Menggunakan bandasekrup untuk membantu luka mempercepat proses penyembuhan
• Mengonsumsi obat-obatan yang dirujuk oleh dokter untuk mengobati gejala-gejala seperti demam tinggi, batuk parah sampai sesak napas dan dehidrasi

Namun, perlu diingat bahwa informasi ini hanya sebagai informasi umum saja. Oleh karena itu, sangat penting untuk memeriksa diri ke dokter segera jika mengalami gejala-gejala cacar air.",Cacar Air (https://www.alodokter.com/cacar-air); Sindrom Geriatri (https://www.alodokter.com/sindrom-geriatri); Herpes (https://www.alodokter.com/herpes); Retinopati Diabetik (https://www.alodokter.com/retinopati-diabetik); Keracunan Timbal (https://www.alodokter.com/keracunan-timbal-plumbism),1,1.0000
Bagaimana cara mengatasi insomnia?,"Berikut beberapa cara yang dapat membantu mengatasi insomnia:

• **Estimasi Waktu Tidur**: Batasi waktu tidur Anda pada 7-9 jam sehari. Ini akan membantu tubuh dan otak Anda merasa lelah dan siap untuk tidur.
• **Ritual Sebelum Tidur**: Lakukan ritual sebelum tidur seperti membaca buku, mendengarkan musik yang tenang, atau melakukan yoga untuk membantu meningkatkan kadar melatonin di dalam tubuh.
• **Makanan yang Sehat**: Konsumsi makanan yang kaya akan protein dan serat, serta hindari makanan yang mengandung gula dan lemak. Makan malam sebelum tidur juga dapat membantu meningkatkan kadar melatonin.
• **Hindari Stimulan**: Hindari konsumsi kafein dan alkohol pada saat-saat sebelum tidur, karena dapat membuat sulit tidur.
• **Aktivitas Fisik**: Lakukan aktivitas fisik secara teratur untuk membantu meningkatkan kadar melatonin dan mengurangi stres.
• **Relaksasi**: Praktikkan relaksasi seperti meditasi, respirasi dalam-dalam, atau latihan mindfulness untuk membantu mengurangi stres dan meningkatkan kualitas tidur.

Namun, perlu diingat bahwa insomnia dapat memiliki penyebab yang berbeda-beda, sehingga sangat penting untuk berkonsultasi dengan dokter atau profesional kesehatan untuk mendapatkan saran dan pengobatan yang tepat.",Insomnia (https://www.alodokter.com/insomnia); Gangguan Tidur (https://www.alodokter.com/gangguan-tidur); Gangguan Mental (https://www.alodokter.com/kesehatan-mental),1,1.0000
Apakah gastritis dapat berkembang menjadi penyakit yang berbahaya?,"Gastritis dapat berkembang menjadi penyakit yang berbahaya jika tidak dirawat secara tepat. Berdasarkan informasi yang ada, beberapa hal yang dapat menyebabkan gastritis kronis meliputi daya tahan tubuh lemah, penggunaan obat-obatan tertentu seperti aspirin dan ibuprofen, penyakit tertentu seperti diabetes atau gagal ginjal, serta stres berat yang terus-menerus.

Jika tidak dirawat dengan tepat, gastritis kronis dapat berkembang menjadi komplikasi yang lebih serius seperti ulkus lambung, hemorrhoid lambung, dan bahkan kanker lambung. Oleh karena itu, sangat penting untuk melakukan perawatan yang tepat dan menghindari faktor-faktor yang dapat menyebabkan gastritis kronis.

Jika Anda memiliki gejala-gejala gastritis, sebaiknya konsultasikan ke dokter untuk mendapatkan penanganan yang tepat dan mencegah komplikasi yang lebih serius.",Gastritis (https://www.alodokter.com/gastritis); Infeksi Lambung (https://www.alodokter.com/infeksi-lambung); Gangguan Pencernaan (https://www.alodokter.com/gangguan-pencernaan),1,1.0000
Bagaimana cara mengobati rubella?,"Berikut adalah cara mengobati rubella berdasarkan informasi yang tersedia:

• Pengobatan rubella cukup dilakukan di rumah karena gejalanya tergolong ringan.
• Jika diperlukan, dokter akan meresepkan paracetamol untuk meredakan nyeri dan demam.
• Menyarankan pasien untuk banyak beristirahat di rumah agar virus tidak menyebar ke orang lain.",Rubella (https://www.alodokter.com/rubella),1,1.0000
Apa itu ADHD?,"ADHD atau attention deficit hyperactivity disorder adalah gangguan mental yang menyebabkan anak sulit memusatkan perhatian, serta memiliki perilaku impulsif dan hiperaktif. Kondisi ini dapat berdampak pada prestasi anak di sekolah. Hingga saat ini, penyebab utama ADHD belum diketahui dengan pasti.",ADHD (https://www.alodokter.com/adhd); Dyspraxia (https://www.alodokter.com/dyspraxia); Maladaptive Daydreaming (https://www.alodokter.com/maladaptive-daydreaming),1,1.0000
Apakah merokok bisa menyebabkan kanker paru-paru?,"Ya, merokok dapat menyebabkan kanker paru-paru. Menurut informasi yang tersedia, meski sering terjadi pada perokok, kanker paru-paru juga bisa terjadi pada orang yang bukan perokok. Pada orang bukan perokok, kanker paru-paru terjadi akibat sering terpapar asap rokok dari orang lain (perokok pasif) atau paparan zat kimia di lingkungan kerja.",Kanker Paru-Paru (https://www.alodokter.com/kanker-paru-paru); Asfiksia (https://www.alodokter.com/asfiksia); Edema Paru (https://www.alodokter.com/edema-paru); Kanker Kulit (https://www.alodokter.com/kanker-kulit); Graft versus Host Disease (https://www.alodokter.com/graft-versus-host-disease),1,1.0000
Apa itu GERD?,"GERD adalah singkatan dari Gastroesophageal Reflux Disease, yaitu kondisi di mana asam lambung naik ke kerongkongan dan menyebabkan gejala seperti rasa terbakar atau nyeri di dada. Jika Anda memiliki gejala-gejala ini, konsultasikan dengan dokter untuk mendapatkan diagnosis yang tepat dan pengobatan yang sesuai.",GERD (https://www.alodokter.com/gerd); Penyakit Asam Lambung (https://www.alodokter.com/penyakit-asam-lambung); Melena (https://www.alodokter.com/melena); Anus Gatal (https://www.alodokter.com/anus-gatal),1,1.0000
Apakah Anemia berbahaya?,"Ya, Anemia Aplastik berbahaya karena dapat menyebabkan jumlah sel darah merah menurun secara signifikan, sehingga mengancam kesehatan dan kehidupan seseorang. Jika tidak ditangani dengan tepat, dapat menyebabkan komplikasi seperti anemia yang parah, penyerangan lepuh darah, atau bahkan kematian. Oleh karena itu, sangat penting untuk mendapatkan perawatan medis yang tepat dan segera jika memiliki gejala Anemia Aplastik.",Anemia Aplastik (https://www.alodokter.com/anemia-aplastik); Nyeri Anus (https://www.alodokter.com/penyakit-a-z/nyeri-anus),1,1.0000
Apa tanda-tanda kalau liver bermasalah?,"Tanda-tanda kalau liver bermasalah antara lain:

•  Mual dan muntah
•  Kekurangan energi
•  Perubahan warna kulit atau seluruh tubuh (jaundice)
•  Pembesaran hati (hepatomegali)
•  Penurunan berat badan
•  Sakit di sekitar pinggang atau perut
•  Nyeri kepala

Namun, untuk mendapatkan informasi yang lebih akurat dan lengkap, sebaiknya Anda konsultasikan dengan dokter.",Varises Esofagus (https://www.alodokter.com/varises-esofagus); Penyakit Liver (https://www.alodokter.com/penyakit-liver); Ensefalopati Hepatik (https://www.alodokter.com/ensefalopati-hepatik); Galaktosemia (https://www.alodokter.com/galaktosemia),2,0.5000
Apa penyebab Demensia?,Demensia vaskular disebabkan oleh berkurangnya aliran darah ke jaringan otak. Kondisi ini dapat terjadi secara mendadak atau berkembang perlahan seiring waktu.,Demensia Vaskular (https://www.alodokter.com/demensia-vaskular); Status Epileptikus (https://www.alodokter.com/status-epileptikus); Adenomiosis (https://www.alodokter.com/adenomiosis); Amyotrophic Lateral Sclerosis (ALS) (https://www.alodokter.com/penyakit-lou-gehrig),1,1.0000
Hal apa saja yang menyebabkan osteoporosis?,"Osteoporosis dapat disebabkan oleh beberapa faktor, di antaranya:

• Kekurangan vitamin D dan kalsium
• Kurangnya aktivitas fisik
• Pola makan yang tidak seimbang
• Menopause pada perempuan atau pengalaman kecederaan pada pria
• Kelainan genetik",Osteoporosis (https://www.alodokter.com/osteoporosis); Fraktur Colles (https://www.alodokter.com/fraktur-colles); Tangan Patah (https://www.alodokter.com/patah-tangan); Nyeri Pergelangan Tangan (https://www.alodokter.com/nyeri-pergelangan-tangan); Patah Tulang Pinggul (https://www.alodokter.com/patah-tulang-pinggul),1,1.0000
Apa saja ciri-ciri awal penyakit lupus yang perlu diwaspadai?,"Berikut adalah ciri-ciri awal penyakit lupus yang perlu diwaspadai:

1. • Gatal-gatal kulit
Penyakit lupus dapat menyebabkan gatal-gatal pada kulit, terutama di bagian wajah, bahu, dan kaki.
2. • Peradangan di mata (konjungivitis)
Peradangan di mata dapat terjadi pada penderita lupus, yang kemudian dapat berubah menjadi catarak atau keratitis akibat peradangan.
3. • Kanker payudara
Lupus seringkali terkait dengan risiko kanker payudara, sehingga penting untuk melakukan pemeriksaan rutin untuk mendeteksi gejala-gejala awal kanker payudara.
4. • Darah kering di bawah daun jari (petechia)
Kerutan atau gatal-gatal pada kulit yang disertai dengan darah kering di bawah daun jari dapat menjadi tanda-tanda awal penyakit lupus.
5. • Pusing dan lelah
Penderita lupus seringkali mengalami pusing dan lelah yang tidak terkait dengan aktivitas fisik, karena adanya peradangan pada tubuh.

Perlu diingat bahwa gejala-gejala ini hanya dapat menjadi tanda-tanda awal penyakit lupus. Oleh karena itu, sangat penting untuk melakukan pemeriksaan rutin dan konsultasi dengan dokter jika Anda mengalami salah satu gejala-gejala di atas.",Lupus (https://www.alodokter.com/lupus); Penyakit Von Willebrand (https://www.alodokter.com/penyakit-von-willebrand); ITP (Idiopathic Thrombocytopenic Purpura) (https://www.alodokter.com/itp-idiopathic-thrombocytopenic-purpura); Lupus Nefritis (https://www.alodokter.com/lupus-nefritis); Sariawan (https://www.alodokter.com/sariawan),1,1.0000
Apakah vertigo berbahaya?,"Vertigo dapat berbahaya jika tidak ditangani dengan segera. Vertigo dapat menyebabkan penderita kehilangan kesadaran, jatuh, atau bahkan meninggal dunia akibat kecelakaan yang disebabkan oleh keseimbangan yang hilang. Oleh karena itu, jika Anda mengalami vertigo, penting untuk segera mencari bantuan medis dan tidak menunggu sampai gejala tersebut membaik secara alami.",Spondilosis Servikal (https://www.alodokter.com/spondilosis-servikal); Vertigo (https://www.alodokter.com/vertigo); Pusing (https://www.alodokter.com/pusing); BPPV (https://www.alodokter.com/bppv),2,0.5000
Bagaimana cara mengobati Malaria?,"Malaria dapat diobati dengan menggunakan obat antimalaria seperti Artemisin atau Primaquiline. Obat-obatan ini akan membantu menghancurkan parasit Plasmodium yang menyebabkan malaria dalam tubuh.

Namun, penting untuk diingat bahwa menerima diagnosis dan pengobatan malaria oleh profesional kesehatan yang berpengalaman sangat penting. Mereka dapat menentukan jenis malaria yang Anda terinfeksi dan memberikan resep obat-obatan yang tepat serta menawarkan saran untuk menghindari penularan lanjutan.

Selain itu, mencegah alergi dan gejala-gejala lain seperti diare atau sakit perut juga sangat penting dalam proses pengobatan malaria.",Malaria (https://www.alodokter.com/malaria); Demam Kuning (https://www.alodokter.com/demam-kuning),1,1.0000
Apa komplikasi yang dapat disebabkan oleh Hepatitis?,"Hepatitis dapat menyebabkan beberapa komplikasi parah, di antaranya:

•  Kanker Hati: Hepatitis kronis dapat meningkatkan risiko pembentukan kanker hati.
•   Liver Serosa yang Terbuka (Liver Serosa yang Terasa Panas): Jika hepatitis menyebabkan peradangan parah pada hati, dapat terjadi kondisi di mana lapisan luar hati (serosa) menjadi terbuka dan merasa panas.
•  Pembengkalan Hati (Hepatomegali): Hepatitis dapat menyebabkan pembengkalan atau ekspansi hati yang dapat menyebabkan peradangan pada organ lain di sekitar hati, seperti paru-paru.
•   Insufisiensi Kronic Liver: Hepatitis kronis dapat menyebabkan kerusakan permanen pada hati dan mengganggu kemampuan hati untuk membantu proses metabolisme tubuh. 
•  Meningkatnya Risiko Infeksi Otak (Ensefalitis): Hepatitis B atau C dapat meningkatkan risiko terjadinya infeksi otak, yang disebabkan oleh virus tersebut.
•   Peningkatan Risiko Kanker lain: Selain kanker hati, hepatitis juga meningkatkan risiko terjadinya kanker lain seperti kanker payudara, colon, dan kanker linfoma.

Jika Anda atau orang yang Anda sayangi memiliki gejala-gejala tersebut, segera konsultasikan dengan dokter untuk mendapatkan evaluasi yang lebih spesifik dan penanganan yang tepat.",Hepatitis (https://www.alodokter.com/hepatitis); Hepatitis E (https://www.alodokter.com/hepatitis-e); Adenovirus (https://www.alodokter.com/adenovirus); Penyakit Liver (https://www.alodokter.com/penyakit-liver),1,1.0000
"Kulit saya mengelupas terus, apakah itu psoriasis?","Saya tidak dapat memberikan diagnosis kesehatan tanpa melakukan evaluasi yang lebih lanjut. Namun, gejala kulit mengelupas terus dapat disebabkan oleh berbagai kondisi, termasuk psoriasis.

Berikut beberapa tanda dan gejala yang umumnya terkait dengan psoriasis:

• Kulit bersisik dan menebal
• Kulit mudah terkelupas
• Kulit terasa gatal atau sakit

Jika Anda mengalami gejala-gejala tersebut, sebaiknya Anda konsultasi ke dokter untuk melakukan pemeriksaan yang lebih lanjut dan mendapatkan diagnosis yang tepat.",Psoriasis (https://www.alodokter.com/psoriasis); Psoriasis Arthritis (https://www.alodokter.com/psoriasis-arthritis); Lentigo (https://www.alodokter.com/lentigo),1,1.0000
Apakah stroke bisa kambuh lagi?,"Ya, stroke dapat kambuh lagi. Setelah terjadi stroke, pasien masih memiliki risiko tertinggi untuk mengalami stroke kedua, terutama jika kondisi penyebabnya belum ditangani dengan baik.

Risiko stroke kedua biasanya lebih tinggi pada orang yang telah mengalami stroke karena:

1. Penyakit utuh tidak diobati
2. Kesehatan jantung dan darah masih buruk
3. Faktor risiko seperti hipertensi, diabetes, tekanan darah tinggi, dan penyakit lipid tertinggi

Namun, dengan terapi yang tepat dan perawatan yang komprehensif, banyak orang dapat mengurangi risiko stroke kedua.",Stroke Iskemik (https://www.alodokter.com/stroke-iskemik); SSHL (https://www.alodokter.com/sshl); Stroke (https://www.alodokter.com/stroke); Penyakit Buerger (https://www.alodokter.com/penyakit-buerger); Muntah Darah (https://www.alodokter.com/muntah-darah),1,1.0000
Bagaimana cara membedakan antara flu dan pilek biasa dari gejalanya?,"Flu dan pilek biasa memiliki gejala yang mirip, namun ada beberapa perbedaan yang dapat membantu membedakan antara keduanya.

Beberapa gejala yang umum ditemukan pada flu adalah:
- Suhu tubuh naik
- Batuk atau mengepul
- Kesulitan bernapas
- Kelelahan

Sedangkan, beberapa gejala yang umum ditemukan pada pilek biasa adalah:
- Batuk atau mengepul
- Sekarangnya tenggorokan
- Nyeri kepala
- Mata merah

Namun, perlu diingat bahwa gejala flu dapat berbeda-beda tergantung pada individu dan beberapa kasus dapat memiliki gejala yang lebih serius seperti pneumonia atau kejang. Oleh karena itu, jika Anda atau orang lain mengalami gejala flu, sebaiknya konsultasikan dengan dokter untuk mendapatkan pengobatan yang tepat.

Perlu diingat bahwa pilek biasa adalah penyakit yang umum dan tidak berbahaya, namun dapat mempengaruhi kesehatan jangka panjang jika tidak ditangani dengan benar.",Flu (https://www.alodokter.com/flu); Anosmia (https://www.alodokter.com/anosmia); Demam pada Anak (https://www.alodokter.com/demam-pada-anak); Flu Tomat (https://www.alodokter.com/flu-tomat),1,1.0000

,,,MRR,0.9200
